date,daily_median_body_length_px,event_mean_body_length_px,event_std_body_length_px,event_mad_body_length_px,raw_median_body_length_px,raw_mad_body_length_px,daily_median_body_length_cm,event_mad_body_length_cm,n_events_raw,n_events_stable,n_events_used,n_samples,rejected_sample_outliers,rejected_unstable_events,rejected_daily_outliers,quality_flag,sample_file
2026-09-02,96.17704772949219,96.98086471557617,2.098952778176725,2.0644264221191406,95.67386627197266,6.305393218994141,,,10,5,5,88,1,3,0,MEDIUM,C:\Users\jsh14\Desktop\s\growth_logs\growth_samples_2026-09-02.csv
2026-09-03,103.68067932128906,103.30440059461091,8.560586886654571,6.420539855957031,104.46305847167969,7.628944396972656,,,48,19,19,330,15,9,0,MEDIUM,C:\Users\jsh14\Desktop\s\growth_logs\growth_samples_2026-09-03.csv
2026-09-04,106.10475540161133,107.60179328918457,9.219842206863028,5.993194580078125,105.92564392089844,7.079746246337891,,,15,6,6,194,6,5,0,LOW,C:\Users\jsh14\Desktop\s\growth_logs\growth_samples_2026-09-04.csv
2026-09-05,102.37897109985352,101.64683538324692,6.63123798929405,3.570201873779297,102.71160888671875,4.8101806640625,,,135,69,68,1293,36,14,1,HIGH,C:\Users\jsh14\Desktop\s\growth_logs\growth_samples_2026-09-05.csv
2026-09-06,110.09123992919922,109.5569332935771,9.61367722118703,7.117805480957031,104.89320373535156,8.119247436523438,,,131,61,61,1537,27,25,0,MEDIUM,C:\Users\jsh14\Desktop\s\growth_logs\growth_samples_2026-09-06.csv
2026-09-07,110.30398368835449,108.37306978644395,9.233181516464402,5.866361618041992,107.80805206298828,7.841377258300781,,,321,164,164,3771,111,47,0,MEDIUM,C:\Users\jsh14\Desktop\s\growth_logs\growth_samples_2026-09-07.csv
2026-09-08,113.55412483215332,113.55412483215332,4.834024429321289,4.834024429321289,111.56836700439453,3.951812744140625,,,6,2,2,24,1,0,0,LOW,C:\Users\jsh14\Desktop\s\growth_logs\growth_samples_2026-09-08.csv
2026-09-09,119.70035934448242,119.70035934448242,0.0,0.0,119.70035934448242,1.3552284240722656,,,1,1,1,2,0,0,0,LOW,C:\Users\jsh14\Desktop\s\growth_logs\growth_samples_2026-09-09.csv
2026-09-10,123.88511657714844,123.88511657714844,0.0,0.0,123.84113311767578,1.3708000183105469,,,3,1,1,10,0,0,0,LOW,C:\Users\jsh14\Desktop\s\growth_logs\growth_samples_2026-09-10.csv
2026-09-11,119.15047454833984,119.65383911132812,1.5470139272777228,0.663238525390625,117.71602249145508,4.095985412597656,,,11,5,4,158,1,1,1,MEDIUM,C:\Users\jsh14\Desktop\s\growth_logs\growth_samples_2026-09-11.csv
2026-09-12,107.33564186096191,107.33564186096191,3.307004928588867,3.307004928588867,109.47526550292969,3.158660888671875,,,7,2,2,53,0,1,0,LOW,C:\Users\jsh14\Desktop\s\growth_logs\growth_samples_2026-09-12.csv
2026-09-13,110.93405532836914,110.38401667277019,1.0822900093657912,0.4119224548339844,110.82693481445312,0.7173500061035156,,,3,3,3,14,0,0,0,MEDIUM,C:\Users\jsh14\Desktop\s\growth_logs\growth_samples_2026-09-13.csv
2026-09-14,119.52499008178711,119.52499008178711,0.0,0.0,119.46359634399414,1.7839622497558594,,,3,1,1,44,0,0,0,LOW,C:\Users\jsh14\Desktop\s\growth_logs\growth_samples_2026-09-14.csv
2026-09-15,118.2490348815918,116.63769404093425,3.401276556994273,1.5079994201660156,116.20724487304688,3.4391555786132812,,,7,3,3,21,0,0,0,MEDIUM,C:\Users\jsh14\Desktop\s\growth_logs\growth_samples_2026-09-15.csv
2026-09-16,115.6142349243164,115.48430315653484,4.600077738813281,3.3618927001953125,118.14647674560547,3.5549697875976562,,,24,12,12,143,2,0,0,HIGH,C:\Users\jsh14\Desktop\s\growth_logs\growth_samples_2026-09-16.csv
2026-09-17,117.01218605041504,114.16748755318778,10.105944693028684,4.930051803588867,118.09260559082031,6.5377349853515625,,,46,28,28,544,17,4,0,HIGH,C:\Users\jsh14\Desktop\s\growth_logs\growth_samples_2026-09-17.csv
2026-09-18,116.11573791503906,115.30471248011435,6.093538967164913,4.1265411376953125,112.6700325012207,6.068122863769531,,,78,32,31,744,11,11,1,HIGH,C:\Users\jsh14\Desktop\s\growth_logs\growth_samples_2026-09-18.csv
2026-09-19,109.88901138305664,110.82755606515067,7.497232203491757,4.694660186767578,109.19686889648438,4.474937438964844,,,62,35,35,595,16,4,0,HIGH,C:\Users\jsh14\Desktop\s\growth_logs\growth_samples_2026-09-19.csv
2026-09-20,107.94971084594727,100.77272327968052,11.209753909624894,7.957942962646484,99.59233474731445,8.563007354736328,,,77,35,35,834,19,14,0,MEDIUM,C:\Users\jsh14\Desktop\s\growth_logs\growth_samples_2026-09-20.csv
2026-09-21,105.8782958984375,105.47262040958849,6.054964753546632,4.096046447753906,103.49829864501953,4.595451354980469,,,83,43,43,759,13,10,0,HIGH,C:\Users\jsh14\Desktop\s\growth_logs\growth_samples_2026-09-21.csv
2026-09-22,111.12869262695312,111.12869262695312,0.0,0.0,111.07868957519531,3.6575698852539062,,,1,1,1,30,1,0,0,LOW,C:\Users\jsh14\Desktop\s\growth_logs\growth_samples_2026-09-22.csv
2026-09-23,99.79941177368164,101.69713115692139,6.385040046002345,3.3122920989990234,97.60865783691406,4.4793853759765625,,,5,4,4,157,7,1,0,MEDIUM,C:\Users\jsh14\Desktop\s\growth_logs\growth_samples_2026-09-23.csv
2026-09-26,103.55257225036621,103.55257225036621,1.787668228149414,1.787668228149414,103.07141494750977,2.3201675415039062,,,2,2,2,10,0,0,0,LOW,C:\Users\jsh14\Desktop\s\growth_logs\growth_samples_2026-09-26.csv
2026-09-27,110.89764404296875,105.61559168497722,8.048876473236364,0.8091354370117188,106.33692932128906,5.559349060058594,,,8,3,3,79,4,2,0,MEDIUM,C:\Users\jsh14\Desktop\s\growth_logs\growth_samples_2026-09-27.csv
2026-09-28,98.34191513061523,98.39234183175223,5.945942548862401,4.725658416748047,98.87841033935547,5.567783355712891,,,84,35,35,484,16,8,0,HIGH,C:\Users\jsh14\Desktop\s\growth_logs\growth_samples_2026-09-28.csv
2026-09-29,97.24285125732422,98.27194506880166,6.525225543738125,4.130973815917969,99.71685791015625,5.667552947998047,,,137,69,69,1576,50,16,0,HIGH,C:\Users\jsh14\Desktop\s\growth_logs\growth_samples_2026-09-29.csv
2026-09-30,97.00923538208008,96.75460835507042,5.520693969927565,3.835132598876953,97.34933853149414,4.995719909667969,,,93,57,57,1210,36,10,0,HIGH,C:\Users\jsh14\Desktop\s\growth_logs\growth_samples_2026-09-30.csv
2026-10-01,93.7751579284668,94.5883679597274,4.65306864894184,3.2386703491210938,94.0702133178711,3.3624839782714844,,,40,23,23,286,5,1,0,HIGH,C:\Users\jsh14\Desktop\s\growth_logs\growth_samples_2026-10-01.csv
