hour,date,hour_of_day,hourly_median_body_length_px,hourly_median_body_length_cm,event_mad_body_length_px,n_events_raw,n_events_stable,n_events_used,n_samples,rejected_unstable_events,rejected_hourly_outliers,quality_flag,sample_file
2026-09-02 19,2026-09-02,19,93.7142448425293,,2.0045204162597656,3,3,3,9,0,0,MEDIUM,C:\Users\jsh14\Desktop\s\growth_logs\growth_samples_2026-09-02.csv
2026-09-02 22,2026-09-02,22,109.70684814453125,,6.5040130615234375,6,5,5,26,1,0,LOW,C:\Users\jsh14\Desktop\s\growth_logs\growth_samples_2026-09-02.csv
2026-09-02 23,2026-09-02,23,,,,0,0,0,0,0,0,NO_DATA,C:\Users\jsh14\Desktop\s\growth_logs\growth_samples_2026-09-02.csv
2026-09-03 00,2026-09-03,00,,,,0,0,0,0,0,0,NO_DATA,C:\Users\jsh14\Desktop\s\growth_logs\growth_samples_2026-09-03.csv
2026-09-03 01,2026-09-03,01,,,,0,0,0,0,0,0,NO_DATA,C:\Users\jsh14\Desktop\s\growth_logs\growth_samples_2026-09-03.csv
2026-09-03 02,2026-09-03,02,,,,0,0,0,0,0,0,NO_DATA,C:\Users\jsh14\Desktop\s\growth_logs\growth_samples_2026-09-03.csv
2026-09-03 03,2026-09-03,03,,,,0,0,0,0,0,0,NO_DATA,C:\Users\jsh14\Desktop\s\growth_logs\growth_samples_2026-09-03.csv
2026-09-03 04,2026-09-03,04,,,,0,0,0,0,0,0,NO_DATA,C:\Users\jsh14\Desktop\s\growth_logs\growth_samples_2026-09-03.csv
2026-09-03 05,2026-09-03,05,,,,0,0,0,0,0,0,NO_DATA,C:\Users\jsh14\Desktop\s\growth_logs\growth_samples_2026-09-03.csv
2026-09-03 06,2026-09-03,06,107.88032531738281,,7.049232482910156,4,4,4,9,0,0,LOW,C:\Users\jsh14\Desktop\s\growth_logs\growth_samples_2026-09-03.csv
2026-09-03 07,2026-09-03,07,106.35574340820312,,0.8308296203613281,7,7,5,32,0,2,MEDIUM,C:\Users\jsh14\Desktop\s\growth_logs\growth_samples_2026-09-03.csv
2026-09-03 08,2026-09-03,08,101.37089157104492,,6.0484161376953125,12,11,11,61,1,0,MEDIUM,C:\Users\jsh14\Desktop\s\growth_logs\growth_samples_2026-09-03.csv
2026-09-03 09,2026-09-03,09,106.784912109375,,4.975851058959961,5,4,4,46,1,0,MEDIUM,C:\Users\jsh14\Desktop\s\growth_logs\growth_samples_2026-09-03.csv
2026-09-03 10,2026-09-03,10,111.13698196411133,,10.224590301513672,15,11,11,135,4,0,MEDIUM,C:\Users\jsh14\Desktop\s\growth_logs\growth_samples_2026-09-03.csv
2026-09-04 19,2026-09-04,19,99.8414306640625,,0.0,1,1,1,31,0,0,LOW,C:\Users\jsh14\Desktop\s\growth_logs\growth_samples_2026-09-04.csv
2026-09-04 20,2026-09-04,20,106.10475540161133,,2.9153594970703125,6,6,6,31,0,0,MEDIUM,C:\Users\jsh14\Desktop\s\growth_logs\growth_samples_2026-09-04.csv
2026-09-04 21,2026-09-04,21,118.43871688842773,,6.718700408935547,7,2,2,95,5,0,LOW,C:\Users\jsh14\Desktop\s\growth_logs\growth_samples_2026-09-04.csv
2026-09-04 22,2026-09-04,22,97.17649841308594,,0.0,1,1,1,37,0,0,LOW,C:\Users\jsh14\Desktop\s\growth_logs\growth_samples_2026-09-04.csv
2026-09-04 23,2026-09-04,23,,,,0,0,0,0,0,0,NO_DATA,C:\Users\jsh14\Desktop\s\growth_logs\growth_samples_2026-09-04.csv
2026-09-05 00,2026-09-05,00,,,,0,0,0,0,0,0,NO_DATA,C:\Users\jsh14\Desktop\s\growth_logs\growth_samples_2026-09-05.csv
2026-09-05 01,2026-09-05,01,,,,0,0,0,0,0,0,NO_DATA,C:\Users\jsh14\Desktop\s\growth_logs\growth_samples_2026-09-05.csv
2026-09-05 02,2026-09-05,02,,,,0,0,0,0,0,0,NO_DATA,C:\Users\jsh14\Desktop\s\growth_logs\growth_samples_2026-09-05.csv
2026-09-05 03,2026-09-05,03,,,,0,0,0,0,0,0,NO_DATA,C:\Users\jsh14\Desktop\s\growth_logs\growth_samples_2026-09-05.csv
2026-09-05 04,2026-09-05,04,,,,0,0,0,0,0,0,NO_DATA,C:\Users\jsh14\Desktop\s\growth_logs\growth_samples_2026-09-05.csv
2026-09-05 05,2026-09-05,05,,,,0,0,0,0,0,0,NO_DATA,C:\Users\jsh14\Desktop\s\growth_logs\growth_samples_2026-09-05.csv
2026-09-05 06,2026-09-05,06,105.5478401184082,,5.663354873657227,8,8,8,109,0,0,MEDIUM,C:\Users\jsh14\Desktop\s\growth_logs\growth_samples_2026-09-05.csv
2026-09-05 07,2026-09-05,07,112.86297225952148,,2.334789276123047,7,7,7,40,0,0,MEDIUM,C:\Users\jsh14\Desktop\s\growth_logs\growth_samples_2026-09-05.csv
2026-09-05 08,2026-09-05,08,106.93851470947266,,1.9895553588867188,11,10,9,42,1,1,HIGH,C:\Users\jsh14\Desktop\s\growth_logs\growth_samples_2026-09-05.csv
2026-09-05 09,2026-09-05,09,99.62430572509766,,5.539066314697266,13,13,13,206,0,0,MEDIUM,C:\Users\jsh14\Desktop\s\growth_logs\growth_samples_2026-09-05.csv
2026-09-05 10,2026-09-05,10,106.8079662322998,,5.885738372802734,12,8,8,82,4,0,MEDIUM,C:\Users\jsh14\Desktop\s\growth_logs\growth_samples_2026-09-05.csv
2026-09-05 11,2026-09-05,11,102.42694854736328,,1.3074493408203125,9,7,7,96,2,0,MEDIUM,C:\Users\jsh14\Desktop\s\growth_logs\growth_samples_2026-09-05.csv
2026-09-05 12,2026-09-05,12,102.98236083984375,,0.8785781860351562,6,6,5,52,0,1,MEDIUM,C:\Users\jsh14\Desktop\s\growth_logs\growth_samples_2026-09-05.csv
2026-09-05 13,2026-09-05,13,98.95117950439453,,5.606231689453125,7,5,5,176,2,0,LOW,C:\Users\jsh14\Desktop\s\growth_logs\growth_samples_2026-09-05.csv
2026-09-05 14,2026-09-05,14,97.31281280517578,,3.8771133422851562,17,14,14,111,3,0,HIGH,C:\Users\jsh14\Desktop\s\growth_logs\growth_samples_2026-09-05.csv
2026-09-05 15,2026-09-05,15,103.03899383544922,,8.13534164428711,15,14,14,122,1,0,MEDIUM,C:\Users\jsh14\Desktop\s\growth_logs\growth_samples_2026-09-05.csv
2026-09-05 16,2026-09-05,16,102.37580490112305,,2.5789718627929688,10,10,10,39,0,0,HIGH,C:\Users\jsh14\Desktop\s\growth_logs\growth_samples_2026-09-05.csv
2026-09-05 17,2026-09-05,17,106.09158325195312,,3.379974365234375,10,9,9,118,1,0,HIGH,C:\Users\jsh14\Desktop\s\growth_logs\growth_samples_2026-09-05.csv
2026-09-05 18,2026-09-05,18,106.06249046325684,,5.110343933105469,10,10,10,99,0,0,HIGH,C:\Users\jsh14\Desktop\s\growth_logs\growth_samples_2026-09-05.csv
2026-09-05 19,2026-09-05,19,,,,0,0,0,0,0,0,NO_DATA,C:\Users\jsh14\Desktop\s\growth_logs\growth_samples_2026-09-05.csv
2026-09-05 20,2026-09-05,20,,,,0,0,0,0,0,0,NO_DATA,C:\Users\jsh14\Desktop\s\growth_logs\growth_samples_2026-09-05.csv
2026-09-05 21,2026-09-05,21,,,,0,0,0,0,0,0,NO_DATA,C:\Users\jsh14\Desktop\s\growth_logs\growth_samples_2026-09-05.csv
2026-09-05 22,2026-09-05,22,,,,0,0,0,0,0,0,NO_DATA,C:\Users\jsh14\Desktop\s\growth_logs\growth_samples_2026-09-05.csv
2026-09-05 23,2026-09-05,23,111.38617706298828,,0.0,1,1,1,1,0,0,LOW,C:\Users\jsh14\Desktop\s\growth_logs\growth_samples_2026-09-05.csv
2026-09-06 00,2026-09-06,00,,,,0,0,0,0,0,0,NO_DATA,C:\Users\jsh14\Desktop\s\growth_logs\growth_samples_2026-09-06.csv
2026-09-06 01,2026-09-06,01,,,,0,0,0,0,0,0,NO_DATA,C:\Users\jsh14\Desktop\s\growth_logs\growth_samples_2026-09-06.csv
2026-09-06 02,2026-09-06,02,,,,0,0,0,0,0,0,NO_DATA,C:\Users\jsh14\Desktop\s\growth_logs\growth_samples_2026-09-06.csv
2026-09-06 03,2026-09-06,03,,,,0,0,0,0,0,0,NO_DATA,C:\Users\jsh14\Desktop\s\growth_logs\growth_samples_2026-09-06.csv
2026-09-06 04,2026-09-06,04,,,,0,0,0,0,0,0,NO_DATA,C:\Users\jsh14\Desktop\s\growth_logs\growth_samples_2026-09-06.csv
2026-09-06 05,2026-09-06,05,,,,0,0,0,0,0,0,NO_DATA,C:\Users\jsh14\Desktop\s\growth_logs\growth_samples_2026-09-06.csv
2026-09-06 06,2026-09-06,06,101.74391555786133,,14.899639129638672,3,2,2,26,1,0,LOW,C:\Users\jsh14\Desktop\s\growth_logs\growth_samples_2026-09-06.csv
2026-09-06 07,2026-09-06,07,113.33140563964844,,6.198905944824219,5,3,3,20,2,0,LOW,C:\Users\jsh14\Desktop\s\growth_logs\growth_samples_2026-09-06.csv
2026-09-06 08,2026-09-06,08,118.42575263977051,,2.304201126098633,5,5,4,13,0,1,MEDIUM,C:\Users\jsh14\Desktop\s\growth_logs\growth_samples_2026-09-06.csv
2026-09-06 09,2026-09-06,09,110.8710708618164,,4.388332366943359,13,11,11,113,2,0,HIGH,C:\Users\jsh14\Desktop\s\growth_logs\growth_samples_2026-09-06.csv
2026-09-06 10,2026-09-06,10,99.45439147949219,,8.873405456542969,11,8,8,117,3,0,MEDIUM,C:\Users\jsh14\Desktop\s\growth_logs\growth_samples_2026-09-06.csv
2026-09-06 11,2026-09-06,11,110.54203033447266,,5.122028350830078,12,11,11,138,1,0,HIGH,C:\Users\jsh14\Desktop\s\growth_logs\growth_samples_2026-09-06.csv
2026-09-06 12,2026-09-06,12,101.78304481506348,,5.797296524047852,6,4,4,43,2,0,LOW,C:\Users\jsh14\Desktop\s\growth_logs\growth_samples_2026-09-06.csv
2026-09-06 13,2026-09-06,13,,,,0,0,0,0,0,0,NO_DATA,C:\Users\jsh14\Desktop\s\growth_logs\growth_samples_2026-09-06.csv
2026-09-06 14,2026-09-06,14,,,,0,0,0,0,0,0,NO_DATA,C:\Users\jsh14\Desktop\s\growth_logs\growth_samples_2026-09-06.csv
2026-09-06 15,2026-09-06,15,98.07943534851074,,1.7876644134521484,4,4,4,7,0,0,MEDIUM,C:\Users\jsh14\Desktop\s\growth_logs\growth_samples_2026-09-06.csv
2026-09-06 16,2026-09-06,16,,,,0,0,0,0,0,0,NO_DATA,C:\Users\jsh14\Desktop\s\growth_logs\growth_samples_2026-09-06.csv
2026-09-06 17,2026-09-06,17,,,,0,0,0,0,0,0,NO_DATA,C:\Users\jsh14\Desktop\s\growth_logs\growth_samples_2026-09-06.csv
2026-09-06 18,2026-09-06,18,103.2389907836914,,4.305625915527344,12,12,12,53,0,0,HIGH,C:\Users\jsh14\Desktop\s\growth_logs\growth_samples_2026-09-06.csv
2026-09-06 19,2026-09-06,19,115.70620727539062,,5.316944122314453,8,5,5,105,3,0,MEDIUM,C:\Users\jsh14\Desktop\s\growth_logs\growth_samples_2026-09-06.csv
2026-09-06 20,2026-09-06,20,109.99095916748047,,6.43025016784668,15,12,12,148,3,0,MEDIUM,C:\Users\jsh14\Desktop\s\growth_logs\growth_samples_2026-09-06.csv
2026-09-06 21,2026-09-06,21,106.00935363769531,,8.453720092773438,12,9,9,189,3,0,MEDIUM,C:\Users\jsh14\Desktop\s\growth_logs\growth_samples_2026-09-06.csv
2026-09-06 22,2026-09-06,22,100.26548385620117,,4.835308074951172,11,7,7,306,4,0,MEDIUM,C:\Users\jsh14\Desktop\s\growth_logs\growth_samples_2026-09-06.csv
2026-09-06 23,2026-09-06,23,112.88608741760254,,10.80047607421875,14,14,14,259,0,0,MEDIUM,C:\Users\jsh14\Desktop\s\growth_logs\growth_samples_2026-09-06.csv
2026-09-07 00,2026-09-07,00,101.46474075317383,,6.895496368408203,13,13,13,154,0,0,MEDIUM,C:\Users\jsh14\Desktop\s\growth_logs\growth_samples_2026-09-07.csv
2026-09-07 01,2026-09-07,01,108.8066520690918,,6.040407180786133,11,10,10,215,1,0,MEDIUM,C:\Users\jsh14\Desktop\s\growth_logs\growth_samples_2026-09-07.csv
2026-09-07 02,2026-09-07,02,105.16998291015625,,9.668197631835938,16,13,13,242,3,0,MEDIUM,C:\Users\jsh14\Desktop\s\growth_logs\growth_samples_2026-09-07.csv
2026-09-07 03,2026-09-07,03,108.02058601379395,,7.386085510253906,15,14,14,206,1,0,MEDIUM,C:\Users\jsh14\Desktop\s\growth_logs\growth_samples_2026-09-07.csv
2026-09-07 04,2026-09-07,04,100.8653564453125,,3.1634063720703125,16,13,12,240,3,1,HIGH,C:\Users\jsh14\Desktop\s\growth_logs\growth_samples_2026-09-07.csv
2026-09-07 05,2026-09-07,05,102.88359069824219,,12.131650924682617,13,10,10,268,3,0,MEDIUM,C:\Users\jsh14\Desktop\s\growth_logs\growth_samples_2026-09-07.csv
2026-09-07 06,2026-09-07,06,109.41078186035156,,10.673221588134766,14,12,12,319,2,0,MEDIUM,C:\Users\jsh14\Desktop\s\growth_logs\growth_samples_2026-09-07.csv
2026-09-07 07,2026-09-07,07,110.43962097167969,,8.95999526977539,14,11,11,192,3,0,MEDIUM,C:\Users\jsh14\Desktop\s\growth_logs\growth_samples_2026-09-07.csv
2026-09-07 08,2026-09-07,08,109.9650821685791,,6.065820693969727,13,12,12,265,1,0,MEDIUM,C:\Users\jsh14\Desktop\s\growth_logs\growth_samples_2026-09-07.csv
2026-09-07 09,2026-09-07,09,110.57951164245605,,3.7049007415771484,13,11,10,284,2,1,HIGH,C:\Users\jsh14\Desktop\s\growth_logs\growth_samples_2026-09-07.csv
2026-09-07 10,2026-09-07,10,110.68628120422363,,6.2426910400390625,17,16,16,271,1,0,MEDIUM,C:\Users\jsh14\Desktop\s\growth_logs\growth_samples_2026-09-07.csv
2026-09-07 11,2026-09-07,11,105.24385833740234,,5.004482269287109,17,13,13,246,4,0,HIGH,C:\Users\jsh14\Desktop\s\growth_logs\growth_samples_2026-09-07.csv
2026-09-07 12,2026-09-07,12,111.5100326538086,,6.73211669921875,17,13,13,174,4,0,MEDIUM,C:\Users\jsh14\Desktop\s\growth_logs\growth_samples_2026-09-07.csv
2026-09-07 13,2026-09-07,13,111.9467658996582,,3.511453628540039,20,17,16,149,3,1,HIGH,C:\Users\jsh14\Desktop\s\growth_logs\growth_samples_2026-09-07.csv
2026-09-07 14,2026-09-07,14,107.86807250976562,,6.130947113037109,25,21,21,144,4,0,MEDIUM,C:\Users\jsh14\Desktop\s\growth_logs\growth_samples_2026-09-07.csv
2026-09-07 15,2026-09-07,15,106.88888931274414,,3.383312225341797,22,18,18,62,4,0,HIGH,C:\Users\jsh14\Desktop\s\growth_logs\growth_samples_2026-09-07.csv
2026-09-07 16,2026-09-07,16,112.42181015014648,,6.150703430175781,15,12,12,54,3,0,MEDIUM,C:\Users\jsh14\Desktop\s\growth_logs\growth_samples_2026-09-07.csv
2026-09-07 17,2026-09-07,17,113.3635025024414,,1.2847003936767578,21,19,18,151,2,1,HIGH,C:\Users\jsh14\Desktop\s\growth_logs\growth_samples_2026-09-07.csv
2026-09-07 18,2026-09-07,18,110.88271141052246,,3.0158939361572266,21,18,18,75,3,0,HIGH,C:\Users\jsh14\Desktop\s\growth_logs\growth_samples_2026-09-07.csv
2026-09-07 19,2026-09-07,19,113.36046600341797,,3.9838333129882812,13,9,9,54,4,0,HIGH,C:\Users\jsh14\Desktop\s\growth_logs\growth_samples_2026-09-07.csv
2026-09-07 20,2026-09-07,20,110.50868225097656,,2.6193008422851562,2,2,2,6,0,0,LOW,C:\Users\jsh14\Desktop\s\growth_logs\growth_samples_2026-09-07.csv
2026-09-07 21,2026-09-07,21,,,,0,0,0,0,0,0,NO_DATA,C:\Users\jsh14\Desktop\s\growth_logs\growth_samples_2026-09-07.csv
2026-09-07 22,2026-09-07,22,,,,0,0,0,0,0,0,NO_DATA,C:\Users\jsh14\Desktop\s\growth_logs\growth_samples_2026-09-07.csv
2026-09-07 23,2026-09-07,23,,,,0,0,0,0,0,0,NO_DATA,C:\Users\jsh14\Desktop\s\growth_logs\growth_samples_2026-09-07.csv
2026-09-08 00,2026-09-08,00,,,,0,0,0,0,0,0,NO_DATA,C:\Users\jsh14\Desktop\s\growth_logs\growth_samples_2026-09-08.csv
2026-09-08 01,2026-09-08,01,,,,0,0,0,0,0,0,NO_DATA,C:\Users\jsh14\Desktop\s\growth_logs\growth_samples_2026-09-08.csv
2026-09-08 02,2026-09-08,02,,,,0,0,0,0,0,0,NO_DATA,C:\Users\jsh14\Desktop\s\growth_logs\growth_samples_2026-09-08.csv
2026-09-08 03,2026-09-08,03,,,,0,0,0,0,0,0,NO_DATA,C:\Users\jsh14\Desktop\s\growth_logs\growth_samples_2026-09-08.csv
2026-09-08 04,2026-09-08,04,,,,0,0,0,0,0,0,NO_DATA,C:\Users\jsh14\Desktop\s\growth_logs\growth_samples_2026-09-08.csv
2026-09-08 05,2026-09-08,05,,,,0,0,0,0,0,0,NO_DATA,C:\Users\jsh14\Desktop\s\growth_logs\growth_samples_2026-09-08.csv
2026-09-08 06,2026-09-08,06,,,,0,0,0,0,0,0,NO_DATA,C:\Users\jsh14\Desktop\s\growth_logs\growth_samples_2026-09-08.csv
2026-09-08 07,2026-09-08,07,,,,0,0,0,0,0,0,NO_DATA,C:\Users\jsh14\Desktop\s\growth_logs\growth_samples_2026-09-08.csv
2026-09-08 08,2026-09-08,08,,,,0,0,0,0,0,0,NO_DATA,C:\Users\jsh14\Desktop\s\growth_logs\growth_samples_2026-09-08.csv
2026-09-08 09,2026-09-08,09,,,,0,0,0,0,0,0,NO_DATA,C:\Users\jsh14\Desktop\s\growth_logs\growth_samples_2026-09-08.csv
2026-09-08 10,2026-09-08,10,,,,0,0,0,0,0,0,NO_DATA,C:\Users\jsh14\Desktop\s\growth_logs\growth_samples_2026-09-08.csv
2026-09-08 11,2026-09-08,11,,,,0,0,0,0,0,0,NO_DATA,C:\Users\jsh14\Desktop\s\growth_logs\growth_samples_2026-09-08.csv
2026-09-08 12,2026-09-08,12,116.32160568237305,,2.0665435791015625,2,2,2,6,0,0,LOW,C:\Users\jsh14\Desktop\s\growth_logs\growth_samples_2026-09-08.csv
2026-09-08 13,2026-09-08,13,109.47300338745117,,0.0,1,1,1,14,0,0,LOW,C:\Users\jsh14\Desktop\s\growth_logs\growth_samples_2026-09-08.csv
2026-09-08 14,2026-09-08,14,,,,0,0,0,0,0,0,NO_DATA,C:\Users\jsh14\Desktop\s\growth_logs\growth_samples_2026-09-08.csv
2026-09-08 15,2026-09-08,15,,,,0,0,0,0,0,0,NO_DATA,C:\Users\jsh14\Desktop\s\growth_logs\growth_samples_2026-09-08.csv
2026-09-08 16,2026-09-08,16,,,,0,0,0,0,0,0,NO_DATA,C:\Users\jsh14\Desktop\s\growth_logs\growth_samples_2026-09-08.csv
2026-09-08 17,2026-09-08,17,124.67227554321289,,0.0,1,1,1,2,0,0,LOW,C:\Users\jsh14\Desktop\s\growth_logs\growth_samples_2026-09-08.csv
2026-09-08 18,2026-09-08,18,124.29135131835938,,0.0,1,1,1,1,0,0,LOW,C:\Users\jsh14\Desktop\s\growth_logs\growth_samples_2026-09-08.csv
2026-09-08 19,2026-09-08,19,,,,0,0,0,0,0,0,NO_DATA,C:\Users\jsh14\Desktop\s\growth_logs\growth_samples_2026-09-08.csv
2026-09-08 20,2026-09-08,20,,,,0,0,0,0,0,0,NO_DATA,C:\Users\jsh14\Desktop\s\growth_logs\growth_samples_2026-09-08.csv
2026-09-08 21,2026-09-08,21,,,,0,0,0,0,0,0,NO_DATA,C:\Users\jsh14\Desktop\s\growth_logs\growth_samples_2026-09-08.csv
2026-09-08 22,2026-09-08,22,100.71460723876953,,0.0,1,1,1,1,0,0,LOW,C:\Users\jsh14\Desktop\s\growth_logs\growth_samples_2026-09-08.csv
2026-09-08 23,2026-09-08,23,,,,0,0,0,0,0,0,NO_DATA,C:\Users\jsh14\Desktop\s\growth_logs\growth_samples_2026-09-08.csv
2026-09-09 00,2026-09-09,00,,,,0,0,0,0,0,0,NO_DATA,C:\Users\jsh14\Desktop\s\growth_logs\growth_samples_2026-09-09.csv
2026-09-09 01,2026-09-09,01,,,,0,0,0,0,0,0,NO_DATA,C:\Users\jsh14\Desktop\s\growth_logs\growth_samples_2026-09-09.csv
2026-09-09 02,2026-09-09,02,,,,0,0,0,0,0,0,NO_DATA,C:\Users\jsh14\Desktop\s\growth_logs\growth_samples_2026-09-09.csv
2026-09-09 03,2026-09-09,03,,,,0,0,0,0,0,0,NO_DATA,C:\Users\jsh14\Desktop\s\growth_logs\growth_samples_2026-09-09.csv
2026-09-09 04,2026-09-09,04,,,,0,0,0,0,0,0,NO_DATA,C:\Users\jsh14\Desktop\s\growth_logs\growth_samples_2026-09-09.csv
2026-09-09 05,2026-09-09,05,,,,0,0,0,0,0,0,NO_DATA,C:\Users\jsh14\Desktop\s\growth_logs\growth_samples_2026-09-09.csv
2026-09-09 06,2026-09-09,06,,,,0,0,0,0,0,0,NO_DATA,C:\Users\jsh14\Desktop\s\growth_logs\growth_samples_2026-09-09.csv
2026-09-09 07,2026-09-09,07,,,,0,0,0,0,0,0,NO_DATA,C:\Users\jsh14\Desktop\s\growth_logs\growth_samples_2026-09-09.csv
2026-09-09 08,2026-09-09,08,,,,0,0,0,0,0,0,NO_DATA,C:\Users\jsh14\Desktop\s\growth_logs\growth_samples_2026-09-09.csv
2026-09-09 09,2026-09-09,09,,,,0,0,0,0,0,0,NO_DATA,C:\Users\jsh14\Desktop\s\growth_logs\growth_samples_2026-09-09.csv
2026-09-09 10,2026-09-09,10,119.70035934448242,,0.0,1,1,1,2,0,0,LOW,C:\Users\jsh14\Desktop\s\growth_logs\growth_samples_2026-09-09.csv
2026-09-09 11,2026-09-09,11,,,,0,0,0,0,0,0,NO_DATA,C:\Users\jsh14\Desktop\s\growth_logs\growth_samples_2026-09-09.csv
2026-09-09 12,2026-09-09,12,,,,0,0,0,0,0,0,NO_DATA,C:\Users\jsh14\Desktop\s\growth_logs\growth_samples_2026-09-09.csv
2026-09-09 13,2026-09-09,13,,,,0,0,0,0,0,0,NO_DATA,C:\Users\jsh14\Desktop\s\growth_logs\growth_samples_2026-09-09.csv
2026-09-09 14,2026-09-09,14,,,,0,0,0,0,0,0,NO_DATA,C:\Users\jsh14\Desktop\s\growth_logs\growth_samples_2026-09-09.csv
2026-09-09 15,2026-09-09,15,,,,0,0,0,0,0,0,NO_DATA,C:\Users\jsh14\Desktop\s\growth_logs\growth_samples_2026-09-09.csv
